{"cells":[{"name":{"_data_":"Q_1","_wellknowntype_":"string"},"views":[{"name":{"_data_":"schematic","_wellknowntype_":"string"},"references":{"cells":[],"externalFiles":[],"libraries":[],"libraryFiles":[],"pcbVias":[],"views":[{"_data_":"ads_datacmps:VAR:symbol","_wellknowntype_":"string"},{"_data_":"ads_rflib:GROUND:symbol","_wellknowntype_":"string"},{"_data_":"ads_rflib:R:symbol","_wellknowntype_":"string"},{"_data_":"ads_simulation:MeasEqn:symbol","_wellknowntype_":"string"},{"_data_":"ads_simulation:S_Param:symbol","_wellknowntype_":"string"},{"_data_":"ads_simulation:TermG:symbol","_wellknowntype_":"string"},{"_data_":"ads_simulation:Tran:symbol","_wellknowntype_":"string"},{"_data_":"ads_sources:VtPulse:symbol","_wellknowntype_":"string"},{"_data_":"ads_tlines:ML1CTL_C:symbol","_wellknowntype_":"string"},{"_data_":"ads_tlines:MLSUBSTRATE2:symbol","_wellknowntype_":"string"}]},"timestamp":[{"file":{"_data_":".","_wellknowntype_":"string"},"time":{"_data_":1743988274255,"_wellknowntype_":"int64"}},{"file":{"_data_":"master.tag","_wellknowntype_":"string"},"time":{"_data_":1743987012017,"_wellknowntype_":"int64"}},{"file":{"_data_":"sch.oa","_wellknowntype_":"string"},"time":{"_data_":1743988274251,"_wellknowntype_":"int64"}},{"file":{"_data_":"sch.oa.cdslck","_wellknowntype_":"string"},"time":{"_data_":1743987012021,"_wellknowntype_":"int64"}}]}]}],"name":{"_data_":"Lab_9_HSDD_lib","_wellknowntype_":"string"},"version":{"_data_":1.0,"_wellknowntype_":"double"}}